"log_date","ip_addr","appear_count"
"2024-06-15","112.65.98.231",4434
"2024-06-15","103.77.241.34",3345
"2024-06-15","218.92.0.39",472
"2024-06-15","117.72.71.19",74
"2024-06-15","45.155.91.134",49
"2024-06-15","43.153.181.112",41
"2024-06-15","190.188.241.93",41
"2024-06-15","82.200.65.218",41
"2024-06-15","209.97.191.58",41
"2024-06-15","43.163.221.151",41
"2024-06-15","203.150.107.244",41
"2024-06-15","170.106.151.156",41
"2024-06-15","124.156.213.213",41
"2024-06-15","137.184.123.158",41
"2024-06-15","119.202.128.28",41
"2024-06-15","159.223.192.90",41
"2024-06-15","103.221.80.92",41
"2024-06-15","198.244.234.244",41
"2024-06-15","43.159.45.36",41
"2024-06-15","43.134.71.84",41
"2024-06-15","159.75.184.229",41
"2024-06-15","43.153.176.50",41
"2024-06-15","43.128.106.185",41
"2024-06-15","79.137.195.62",41
"2024-06-15","52.140.126.117",41
"2024-06-15","167.99.57.109",40
